,Value-Weighted (Full Available Returns),Minimum-Variance (Ledoit-Wolf),MV CF-Constrained (Ledoit-Wolf),TE (Ledoit-Wolf)
Annualized Average Return,0.11298091266227538,0.07764789218574317,0.07722675794246127,0.1129516520787649
Annualized Volatility,0.14714322312691533,0.11833762068284025,0.11758454214197854,0.1480990999010888
Annualized Cumulative Return,0.1071598566840406,0.07300842375077021,0.07266680579267382,0.10697541583309067
Sharpe Ratio,0.6490676949484706,0.5084848912672849,0.5081599745510215,0.6446808396710791
Minimum Monthly Return,-0.14357986007633744,-0.1251957974601562,-0.11939622234176875,-0.14402126434301527
Maximum Monthly Return,0.16178654873999052,0.11434310627040738,0.11495657071850461,0.16283578937822135
