,Value-Weighted (Full Available Returns),Minimum-Variance (Ledoit-Wolf),MV CF-Constrained (Ledoit-Wolf),TE (Ledoit-Wolf),NZ (Ledoit-Wolf)
Annualized Average Return,0.11658776022054784,0.07340880218479999,0.07285274286193077,0.11285061406863606,0.11332011924098412
Annualized Volatility,0.14250968085065546,0.11570995146941165,0.1147800333351378,0.1436135488779055,0.14359288191884798
Annualized Cumulative Return,0.11183652062462457,0.06881147709761493,0.06834607086884659,0.107547047670433,0.108064789957377
Sharpe Ratio,0.6954808938517951,0.4833966437155265,0.4824684333401213,0.664112925373919,0.6674782061631118
Minimum Monthly Return,-0.13081499741544272,-0.12068582922296017,-0.11520378009179737,-0.13776227906717015,-0.13784884794884755
Maximum Monthly Return,0.1285964900682717,0.11158982099194828,0.11254744110563815,0.13427622484340096,0.1339130722816846
