,Value-Weighted,Value-Weighted (Full Available Returns),Minimum-Variance (Sample Covariance),Minimum-Variance (Single-Factor),Minimum-Variance (Ledoit-Wolf)
Annualized Average Return,0.11658776022054784,0.11658776022054784,0.07314490139138287,0.08666526742086338,0.07340880218479999
Annualized Volatility,0.14250968085065546,0.14250968085065546,0.11592272464457647,0.12421052427444666,0.11570995146941165
Annualized Cumulative Return,0.11183652062462457,0.11183652062462457,0.06850633373241877,0.0819455249641925,0.06881147709761493
Sharpe Ratio,0.6954808938517951,0.6954808938517951,0.48023285824301476,0.5570402977124996,0.4833966437155265
Minimum Monthly Return,-0.13081499741544272,-0.13081499741544272,-0.12103454114746244,-0.10879131179543564,-0.12068582922296017
Maximum Monthly Return,0.1285964900682717,0.1285964900682717,0.10996737918265082,0.1096552101253647,0.11158982099194828
