,Value Weighted,Value Weighted (full available data),Minimum Variance (Sample Covariance),Minimum Variance (Ledoit–Wolf),MV CF-Constrained (Sample Covariance),MV CF-Constrained (Ledoit-Wolf)
Annualized Average Return,0.11905328914934699,0.11901895192484746,0.0855313654293568,0.08047175308931842,0.08245578209127835,0.05728473417933966
Annualized Volatility,0.14846805366757101,0.14714322312691533,0.12381211467924397,0.11833762068284025,0.12153207207766048,0.06068478007428592
Annualized Cumulative Return,0.10698036467048877,0.1071598566840406,0.07731888234082618,0.07300842375077021,0.07458289886881331,0.05537272284724781
Sharpe Ratio,0.8018781563333115,0.8088646517019009,0.6908158030491615,0.6800183460253343,0.6784693182766447,0.9439720158698084
Minimum Monthly Return,-0.14503225049933627,-0.14357986007633744,-0.14687726148575148,-0.1251957974601562,-0.13661311009149868,-0.03927965505592616
Maximum Monthly Return,0.16298657837869987,0.16178654873999052,0.1317369514549416,0.11434310627040738,0.12925137111282395,0.05340655161679646
