,NZ (SLSQP),NZ (LW)
Annualized Average Return,0.12302979938330849,0.11958776659193293
Annualized Volatility,0.14891700501226882,0.14815943978137827
Annualized Cumulative Return,0.11084451750666169,0.10756028475432977
Sharpe Ratio,0.8261635356766169,0.8071559042636416
Minimum Monthly Return,-0.1447861663640979,-0.1441796894199262
Maximum Monthly Return,0.16305111641089304,0.16270476361251793
