,MV CF-Constrained (Sample Covariance),MV CF-Constrained (Ledoit-Wolf)
Annualized Average Return,0.08245578209127835,0.08001974150125535
Annualized Volatility,0.12153207207766048,0.11758454214197854
Annualized Cumulative Return,0.07458289886881331,0.07266680579267382
Sharpe Ratio,0.6784693182766447,0.6805294305150653
Minimum Monthly Return,-0.13661311009149868,-0.11939622234176875
Maximum Monthly Return,0.12925137111282395,0.11495657071850461
