,MV CF-Constrained (Sample Covariance),MV CF-Constrained (Ledoit-Wolf)
Annualized Average Return,0.08245578209127835,0.05728473417933966
Annualized Volatility,0.12153207207766048,0.06068478007428592
Annualized Cumulative Return,0.07458289886881331,0.05537272284724781
Sharpe Ratio,0.6784693182766447,0.9439720158698084
Minimum Monthly Return,-0.13661311009149868,-0.03927965505592616
Maximum Monthly Return,0.12925137111282395,0.05340655161679646
