,TE (Sample Covariance),TE (Ledoit-Wolf)
Annualized Average Return,0.11834699084513334,0.11898651461214294
Annualized Volatility,0.14858014275686515,0.1480990999010888
Annualized Cumulative Return,0.10626418327835507,0.10697541583309067
Sharpe Ratio,0.7965195661360684,0.8034249680896822
Minimum Monthly Return,-0.14410057372790147,-0.14402126434301527
Maximum Monthly Return,0.16273465195889492,0.16283578937822135
