,Value-Weighted,Value-Weighted (Full Available Returns),Minimum-Variance (Sample Covariance),Minimum-Variance (Ledoit–Wolf)
Annualized Average Return,0.11905328914934699,0.11901895192484746,0.0855313654293568,0.08047175308931842
Annualized Volatility,0.14846805366757101,0.14714322312691533,0.12381211467924397,0.11833762068284025
Annualized Cumulative Return,0.10698036467048877,0.1071598566840406,0.07731888234082618,0.07300842375077021
Sharpe Ratio,0.8018781563333115,0.8088646517019009,0.6908158030491615,0.6800183460253343
Minimum Monthly Return,-0.14503225049933627,-0.14357986007633744,-0.14687726148575148,-0.1251957974601562
Maximum Monthly Return,0.16298657837869987,0.16178654873999052,0.1317369514549416,0.11434310627040738
